CREATE DATABASE  IF NOT EXISTS `esun_social` /*!40100 DEFAULT CHARACTER SET utf8mb4 COLLATE utf8mb4_unicode_ci */ /*!80016 DEFAULT ENCRYPTION='N' */;
USE `esun_social`;
-- MySQL dump 10.13  Distrib 8.0.38, for Win64 (x86_64)
--
-- Host: localhost    Database: esun_social
-- ------------------------------------------------------
-- Server version	8.0.39

/*!40101 SET @OLD_CHARACTER_SET_CLIENT=@@CHARACTER_SET_CLIENT */;
/*!40101 SET @OLD_CHARACTER_SET_RESULTS=@@CHARACTER_SET_RESULTS */;
/*!40101 SET @OLD_COLLATION_CONNECTION=@@COLLATION_CONNECTION */;
/*!50503 SET NAMES utf8 */;
/*!40103 SET @OLD_TIME_ZONE=@@TIME_ZONE */;
/*!40103 SET TIME_ZONE='+00:00' */;
/*!40014 SET @OLD_UNIQUE_CHECKS=@@UNIQUE_CHECKS, UNIQUE_CHECKS=0 */;
/*!40014 SET @OLD_FOREIGN_KEY_CHECKS=@@FOREIGN_KEY_CHECKS, FOREIGN_KEY_CHECKS=0 */;
/*!40101 SET @OLD_SQL_MODE=@@SQL_MODE, SQL_MODE='NO_AUTO_VALUE_ON_ZERO' */;
/*!40111 SET @OLD_SQL_NOTES=@@SQL_NOTES, SQL_NOTES=0 */;

--
-- Table structure for table `comments`
--

DROP TABLE IF EXISTS `comments`;
/*!40101 SET @saved_cs_client     = @@character_set_client */;
/*!50503 SET character_set_client = utf8mb4 */;
CREATE TABLE `comments` (
  `comment_id` bigint NOT NULL AUTO_INCREMENT COMMENT 'з•ҷиЁҖ ID',
  `post_id` bigint NOT NULL COMMENT 'жүҖеұ¬зҷјж–Ү ID',
  `user_id` bigint NOT NULL COMMENT 'з•ҷиЁҖиҖ… ID',
  `content` text NOT NULL COMMENT 'з•ҷиЁҖе…§е®№',
  `created_at` timestamp NULL DEFAULT CURRENT_TIMESTAMP COMMENT 'з•ҷиЁҖжҷӮй–“',
  PRIMARY KEY (`comment_id`),
  KEY `fk_comment_post` (`post_id`),
  KEY `fk_comment_user` (`user_id`),
  CONSTRAINT `fk_comment_post` FOREIGN KEY (`post_id`) REFERENCES `posts` (`post_id`) ON DELETE CASCADE,
  CONSTRAINT `fk_comment_user` FOREIGN KEY (`user_id`) REFERENCES `users` (`user_id`) ON DELETE CASCADE
) ENGINE=InnoDB AUTO_INCREMENT=8 DEFAULT CHARSET=utf8mb4 COLLATE=utf8mb4_0900_ai_ci COMMENT='з•ҷиЁҖиЎЁ';
/*!40101 SET character_set_client = @saved_cs_client */;

--
-- Dumping data for table `comments`
--

LOCK TABLES `comments` WRITE;
/*!40000 ALTER TABLE `comments` DISABLE KEYS */;
INSERT INTO `comments` VALUES (2,2,2,'hi','2026-03-26 09:31:11'),(3,2,4,'hi','2026-03-26 09:41:25'),(4,2,4,'hi','2026-03-26 09:42:09'),(5,3,4,'delet','2026-03-26 09:47:38'),(6,3,2,'rgergge','2026-03-26 09:49:54'),(7,2,2,'hi user?','2026-03-26 09:54:49');
/*!40000 ALTER TABLE `comments` ENABLE KEYS */;
UNLOCK TABLES;

--
-- Table structure for table `posts`
--

DROP TABLE IF EXISTS `posts`;
/*!40101 SET @saved_cs_client     = @@character_set_client */;
/*!50503 SET character_set_client = utf8mb4 */;
CREATE TABLE `posts` (
  `post_id` bigint NOT NULL AUTO_INCREMENT COMMENT 'зҷјж–Ү ID',
  `user_id` bigint NOT NULL COMMENT 'зҷјж–ҮиҖ… ID',
  `content` text NOT NULL COMMENT 'зҷјдҪҲж–Үз« е…§е®№',
  `image` varchar(255) DEFAULT NULL COMMENT 'ең–зүҮи·Ҝеҫ‘',
  `created_at` timestamp NULL DEFAULT CURRENT_TIMESTAMP COMMENT 'зҷјдҪҲжҷӮй–“',
  PRIMARY KEY (`post_id`),
  KEY `fk_post_user` (`user_id`),
  CONSTRAINT `fk_post_user` FOREIGN KEY (`user_id`) REFERENCES `users` (`user_id`) ON DELETE CASCADE
) ENGINE=InnoDB AUTO_INCREMENT=7 DEFAULT CHARSET=utf8mb4 COLLATE=utf8mb4_0900_ai_ci COMMENT='зҷјж–ҮиЎЁ';
/*!40101 SET character_set_client = @saved_cs_client */;

--
-- Dumping data for table `posts`
--

LOCK TABLES `posts` WRITE;
/*!40000 ALTER TABLE `posts` DISABLE KEYS */;
INSERT INTO `posts` VALUES (2,3,'delet',NULL,'2026-03-26 09:29:44'),(3,4,'дҪ еҘҪ',NULL,'2026-03-26 09:42:00'),(5,2,'hi',NULL,'2026-03-26 09:51:00');
/*!40000 ALTER TABLE `posts` ENABLE KEYS */;
UNLOCK TABLES;

--
-- Table structure for table `users`
--

DROP TABLE IF EXISTS `users`;
/*!40101 SET @saved_cs_client     = @@character_set_client */;
/*!50503 SET character_set_client = utf8mb4 */;
CREATE TABLE `users` (
  `user_id` bigint NOT NULL AUTO_INCREMENT COMMENT 'дҪҝз”ЁиҖ… ID',
  `phone` varchar(20) NOT NULL COMMENT 'жүӢж©ҹиҷҹзўј (з”Ёж–јзҷ»е…Ҙ)',
  `user_name` varchar(50) NOT NULL COMMENT 'дҪҝз”ЁиҖ…еҗҚзЁұ',
  `email` varchar(100) DEFAULT NULL COMMENT 'дҪҝз”ЁиҖ…йӣ»еӯҗйғөд»¶',
  `password` varchar(255) NOT NULL COMMENT 'еҜҶзўј(еҠ й№ҪHashеҫҢ)',
  `cover_image` varchar(255) DEFAULT NULL COMMENT 'е°Ғйқўз…§зүҮи·Ҝеҫ‘',
  `biography` text COMMENT 'иҮӘжҲ‘д»Ӣзҙ№',
  `created_at` timestamp NULL DEFAULT CURRENT_TIMESTAMP COMMENT 'е»әз«ӢжҷӮй–“',
  PRIMARY KEY (`user_id`),
  UNIQUE KEY `phone` (`phone`)
) ENGINE=InnoDB AUTO_INCREMENT=5 DEFAULT CHARSET=utf8mb4 COLLATE=utf8mb4_0900_ai_ci COMMENT='дҪҝз”ЁиҖ…иЎЁ';
/*!40101 SET character_set_client = @saved_cs_client */;

--
-- Dumping data for table `users`
--

LOCK TABLES `users` WRITE;
/*!40000 ALTER TABLE `users` DISABLE KEYS */;
INSERT INTO `users` VALUES (1,'0999888777','TestUser',NULL,'HashPassword',NULL,NULL,'2026-03-26 07:25:25'),(2,'0955444333','EsunFinal',NULL,'$2a$10$vE0HL9aEy9bYuirCslDVgORYU1d832HeaohB3VQ1MyTlyQFX06OZm',NULL,NULL,'2026-03-26 07:38:19'),(3,'0912345678','user',NULL,'$2a$10$jpeCHS4ZjvHWBh24jPyuz.cS6qnXeahzVBhpsNM7Nl1g/jA2nCkIC',NULL,NULL,'2026-03-26 09:27:47'),(4,'0911222333','user2',NULL,'$2a$10$jhO36FIyi8bNd/Ovnyq5i.YUa99Po7KJ4/c1Ot4R4A8OBIuA3bFwy',NULL,NULL,'2026-03-26 09:41:16');
/*!40000 ALTER TABLE `users` ENABLE KEYS */;
UNLOCK TABLES;

--
-- Dumping routines for database 'esun_social'
--
/*!50003 DROP PROCEDURE IF EXISTS `sp_get_user_by_phone` */;
/*!50003 SET @saved_cs_client      = @@character_set_client */ ;
/*!50003 SET @saved_cs_results     = @@character_set_results */ ;
/*!50003 SET @saved_col_connection = @@collation_connection */ ;
/*!50003 SET character_set_client  = utf8mb4 */ ;
/*!50003 SET character_set_results = utf8mb4 */ ;
/*!50003 SET collation_connection  = utf8mb4_0900_ai_ci */ ;
/*!50003 SET @saved_sql_mode       = @@sql_mode */ ;
/*!50003 SET sql_mode              = 'ONLY_FULL_GROUP_BY,STRICT_TRANS_TABLES,NO_ZERO_IN_DATE,NO_ZERO_DATE,ERROR_FOR_DIVISION_BY_ZERO,NO_ENGINE_SUBSTITUTION' */ ;
DELIMITER ;;
CREATE DEFINER=`root`@`localhost` PROCEDURE `sp_get_user_by_phone`(
    IN p_phone VARCHAR(20)
)
BEGIN
    SELECT user_id, phone, user_name, password 
    FROM users 
    WHERE phone = p_phone;
END ;;
DELIMITER ;
/*!50003 SET sql_mode              = @saved_sql_mode */ ;
/*!50003 SET character_set_client  = @saved_cs_client */ ;
/*!50003 SET character_set_results = @saved_cs_results */ ;
/*!50003 SET collation_connection  = @saved_col_connection */ ;
/*!50003 DROP PROCEDURE IF EXISTS `sp_register_user` */;
/*!50003 SET @saved_cs_client      = @@character_set_client */ ;
/*!50003 SET @saved_cs_results     = @@character_set_results */ ;
/*!50003 SET @saved_col_connection = @@collation_connection */ ;
/*!50003 SET character_set_client  = utf8mb4 */ ;
/*!50003 SET character_set_results = utf8mb4 */ ;
/*!50003 SET collation_connection  = utf8mb4_0900_ai_ci */ ;
/*!50003 SET @saved_sql_mode       = @@sql_mode */ ;
/*!50003 SET sql_mode              = 'ONLY_FULL_GROUP_BY,STRICT_TRANS_TABLES,NO_ZERO_IN_DATE,NO_ZERO_DATE,ERROR_FOR_DIVISION_BY_ZERO,NO_ENGINE_SUBSTITUTION' */ ;
DELIMITER ;;
CREATE DEFINER=`root`@`localhost` PROCEDURE `sp_register_user`(
    IN p_phone VARCHAR(20),
    IN p_user_name VARCHAR(50),
    IN p_password VARCHAR(255),
    OUT p_status INT,
    OUT p_message VARCHAR(100)
)
BEGIN
    -- гҖҗй—ңйҚөдҝ®жӯЈгҖ‘пјҡеҠ дёҠ COLLATE еј·еҲ¶зөұдёҖз·ЁзўјпјҢйҖҷжЁЈе°ұдёҚжңғеҶҚжү“жһ¶дәҶпјҒ
    IF EXISTS (SELECT 1 FROM users WHERE phone COLLATE utf8mb4_unicode_ci = p_phone COLLATE utf8mb4_unicode_ci) THEN
        SET p_status = 0; 
        SET p_message = 'жӯӨжүӢж©ҹиҷҹзўје·Із¶“иЁ»еҶҠйҒҺдәҶпјҒ';
    ELSE
        INSERT INTO users (phone, user_name, password) 
        VALUES (p_phone, p_user_name, p_password);
        
        SET p_status = 1; 
        SET p_message = 'иЁ»еҶҠжҲҗеҠҹпјҒ';
    END IF;
END ;;
DELIMITER ;
/*!50003 SET sql_mode              = @saved_sql_mode */ ;
/*!50003 SET character_set_client  = @saved_cs_client */ ;
/*!50003 SET character_set_results = @saved_cs_results */ ;
/*!50003 SET collation_connection  = @saved_col_connection */ ;
/*!40103 SET TIME_ZONE=@OLD_TIME_ZONE */;

/*!40101 SET SQL_MODE=@OLD_SQL_MODE */;
/*!40014 SET FOREIGN_KEY_CHECKS=@OLD_FOREIGN_KEY_CHECKS */;
/*!40014 SET UNIQUE_CHECKS=@OLD_UNIQUE_CHECKS */;
/*!40101 SET CHARACTER_SET_CLIENT=@OLD_CHARACTER_SET_CLIENT */;
/*!40101 SET CHARACTER_SET_RESULTS=@OLD_CHARACTER_SET_RESULTS */;
/*!40101 SET COLLATION_CONNECTION=@OLD_COLLATION_CONNECTION */;
/*!40111 SET SQL_NOTES=@OLD_SQL_NOTES */;

-- Dump completed on 2026-03-26 18:21:02
